company,ticker,period,business_segment,reporting_basis,metric_id,metric_name,raw_value,raw_unit,value,unit,metric_definition,source_document,source_url,source_type,source_locator,extraction_reference,source_sha256,provenance_kind,missing_reason,notes,group
HCA Healthcare,HCA,FY2025,Consolidated,Consolidated annual,REVENUE,Revenues,75600,USD millions,75600000000,USD,"Revenues; consolidated income statement, signed as presented.",HCA Healthcare FY2025 Form 10-K,https://www.sec.gov/Archives/edgar/data/860730/000119312526044769/hca-20251231.htm,SEC 10-K,Supplied PDF page 136,Income_Statement!B2; printed F-5,745013941dae788ae75df2aa429acba748e8d957e8ebdb7b3308bb245e1e11d4,reported,,,financial
HCA Healthcare,HCA,FY2025,Consolidated,Consolidated annual,LABOR,Salaries and benefits,32859,USD millions,32859000000,USD,"Salaries and benefits; consolidated income statement, signed as presented.",HCA Healthcare FY2025 Form 10-K,https://www.sec.gov/Archives/edgar/data/860730/000119312526044769/hca-20251231.htm,SEC 10-K,Supplied PDF page 136,Income_Statement!B3; printed F-5,745013941dae788ae75df2aa429acba748e8d957e8ebdb7b3308bb245e1e11d4,reported,,,financial
HCA Healthcare,HCA,FY2025,Consolidated,Consolidated annual,SUPPLIES,Supplies,11367,USD millions,11367000000,USD,"Supplies; consolidated income statement, signed as presented.",HCA Healthcare FY2025 Form 10-K,https://www.sec.gov/Archives/edgar/data/860730/000119312526044769/hca-20251231.htm,SEC 10-K,Supplied PDF page 136,Income_Statement!B4; printed F-5,745013941dae788ae75df2aa429acba748e8d957e8ebdb7b3308bb245e1e11d4,reported,,,financial
HCA Healthcare,HCA,FY2025,Consolidated,Consolidated annual,OTHER_OPEX,Other operating expenses,15886,USD millions,15886000000,USD,"Other operating expenses; consolidated income statement, signed as presented.",HCA Healthcare FY2025 Form 10-K,https://www.sec.gov/Archives/edgar/data/860730/000119312526044769/hca-20251231.htm,SEC 10-K,Supplied PDF page 136,Income_Statement!B5; printed F-5,745013941dae788ae75df2aa429acba748e8d957e8ebdb7b3308bb245e1e11d4,reported,,,financial
HCA Healthcare,HCA,FY2025,Consolidated,Consolidated annual,EQUITY_EARNINGS_EXPENSE_SIGN,Equity in earnings of affiliates,-78,USD millions,-78000000,USD,"Equity in earnings of affiliates; consolidated income statement, signed as presented.",HCA Healthcare FY2025 Form 10-K,https://www.sec.gov/Archives/edgar/data/860730/000119312526044769/hca-20251231.htm,SEC 10-K,Supplied PDF page 136,Income_Statement!B6; printed F-5,745013941dae788ae75df2aa429acba748e8d957e8ebdb7b3308bb245e1e11d4,reported,,,financial
HCA Healthcare,HCA,FY2025,Consolidated,Consolidated annual,DA,Depreciation and amortization,3523,USD millions,3523000000,USD,"Depreciation and amortization; consolidated income statement, signed as presented.",HCA Healthcare FY2025 Form 10-K,https://www.sec.gov/Archives/edgar/data/860730/000119312526044769/hca-20251231.htm,SEC 10-K,Supplied PDF page 136,Income_Statement!B7; printed F-5,745013941dae788ae75df2aa429acba748e8d957e8ebdb7b3308bb245e1e11d4,reported,,,financial
HCA Healthcare,HCA,FY2025,Consolidated,Consolidated annual,INTEREST,Interest expense,2248,USD millions,2248000000,USD,"Interest expense; consolidated income statement, signed as presented.",HCA Healthcare FY2025 Form 10-K,https://www.sec.gov/Archives/edgar/data/860730/000119312526044769/hca-20251231.htm,SEC 10-K,Supplied PDF page 136,Income_Statement!B8; printed F-5,745013941dae788ae75df2aa429acba748e8d957e8ebdb7b3308bb245e1e11d4,reported,,,financial
HCA Healthcare,HCA,FY2025,Consolidated,Consolidated annual,FACILITY_SALE_LOSS_GAIN,Losses (gains) on sales of facilities,-37,USD millions,-37000000,USD,"Losses (gains) on sales of facilities; consolidated income statement, signed as presented.",HCA Healthcare FY2025 Form 10-K,https://www.sec.gov/Archives/edgar/data/860730/000119312526044769/hca-20251231.htm,SEC 10-K,Supplied PDF page 136,Income_Statement!B9; printed F-5,745013941dae788ae75df2aa429acba748e8d957e8ebdb7b3308bb245e1e11d4,reported,,,financial
HCA Healthcare,HCA,FY2025,Consolidated,Consolidated annual,PRETAX_INCOME,Income before income taxes,9832,USD millions,9832000000,USD,"Income before income taxes; consolidated income statement, signed as presented.",HCA Healthcare FY2025 Form 10-K,https://www.sec.gov/Archives/edgar/data/860730/000119312526044769/hca-20251231.htm,SEC 10-K,Supplied PDF page 136,Income_Statement!B10; printed F-5,745013941dae788ae75df2aa429acba748e8d957e8ebdb7b3308bb245e1e11d4,reported,,,financial
HCA Healthcare,HCA,FY2025,Consolidated,Consolidated annual,TAX,Provision for income taxes,2050,USD millions,2050000000,USD,"Provision for income taxes; consolidated income statement, signed as presented.",HCA Healthcare FY2025 Form 10-K,https://www.sec.gov/Archives/edgar/data/860730/000119312526044769/hca-20251231.htm,SEC 10-K,Supplied PDF page 136,Income_Statement!B11; printed F-5,745013941dae788ae75df2aa429acba748e8d957e8ebdb7b3308bb245e1e11d4,reported,,,financial
HCA Healthcare,HCA,FY2025,Consolidated,Consolidated annual,NET_INCOME,Net income,7782,USD millions,7782000000,USD,"Net income; consolidated income statement, signed as presented.",HCA Healthcare FY2025 Form 10-K,https://www.sec.gov/Archives/edgar/data/860730/000119312526044769/hca-20251231.htm,SEC 10-K,Supplied PDF page 136,Income_Statement!B12; printed F-5,745013941dae788ae75df2aa429acba748e8d957e8ebdb7b3308bb245e1e11d4,reported,,,financial
HCA Healthcare,HCA,FY2025,Consolidated,Consolidated annual,NONCONTROLLING_INCOME,Net income attributable to noncontrolling interests,998,USD millions,998000000,USD,"Net income attributable to noncontrolling interests; consolidated income statement, signed as presented.",HCA Healthcare FY2025 Form 10-K,https://www.sec.gov/Archives/edgar/data/860730/000119312526044769/hca-20251231.htm,SEC 10-K,Supplied PDF page 136,Income_Statement!B13; printed F-5,745013941dae788ae75df2aa429acba748e8d957e8ebdb7b3308bb245e1e11d4,reported,,,financial
HCA Healthcare,HCA,FY2025,Consolidated,Consolidated annual,ATTRIBUTABLE_NET_INCOME,"Net income attributable to HCA Healthcare, Inc.",6784,USD millions,6784000000,USD,"Net income attributable to HCA Healthcare, Inc.; consolidated income statement, signed as presented.",HCA Healthcare FY2025 Form 10-K,https://www.sec.gov/Archives/edgar/data/860730/000119312526044769/hca-20251231.htm,SEC 10-K,Supplied PDF page 136,Income_Statement!B14; printed F-5,745013941dae788ae75df2aa429acba748e8d957e8ebdb7b3308bb245e1e11d4,reported,,,financial
