company,ticker,period,period_start,period_end,period_type,business_segment,reporting_basis,metric_id,metric_name,raw_value,raw_unit,value,unit,metric_definition,source_document,source_url,source_type,source_locator,extraction_reference,source_sha256,provenance_kind,missing_reason,notes,group
Tenet Healthcare,THC,FY2025,2025-12-31,2025-12-31,instant,Hospital Operations,Same-hospital annual,HOSPITALS_SAME,Same-hospital count,47,count,47,count,Same-hospital count; same-hospital cohort. Not a consolidated volume denominator.,Tenet Healthcare FY2025 Form 10-K,https://www.sec.gov/Archives/edgar/data/70318/000007031826000012/thc-20251231.htm,SEC 10-K,Supplied PDF page 55,"Curated FY2025 column, PDF page 55",7c98c41fe55d385e00ca70e751bb52e24eee32b33da687769c36ed091842a43b,reported,,,operating
Tenet Healthcare,THC,FY2025,2025-01-01,2025-12-31,duration,Hospital Operations,Same-hospital annual,ADMISSIONS,Admissions,468250,admissions,468250,admissions,Admissions; same-hospital cohort. Not a consolidated volume denominator.,Tenet Healthcare FY2025 Form 10-K,https://www.sec.gov/Archives/edgar/data/70318/000007031826000012/thc-20251231.htm,SEC 10-K,Supplied PDF page 55,"Curated FY2025 column, PDF page 55",7c98c41fe55d385e00ca70e751bb52e24eee32b33da687769c36ed091842a43b,reported,,,operating
Tenet Healthcare,THC,FY2025,2025-01-01,2025-12-31,duration,Hospital Operations,Same-hospital annual,ADJUSTED_ADMISSIONS,Adjusted admissions,842992,adjusted admissions,842992,adjusted admissions,Adjusted admissions; same-hospital cohort. Not a consolidated volume denominator.,Tenet Healthcare FY2025 Form 10-K,https://www.sec.gov/Archives/edgar/data/70318/000007031826000012/thc-20251231.htm,SEC 10-K,Supplied PDF page 55,"Curated FY2025 column, PDF page 55",7c98c41fe55d385e00ca70e751bb52e24eee32b33da687769c36ed091842a43b,reported,,,operating
Tenet Healthcare,THC,FY2025,2025-01-01,2025-12-31,duration,Hospital Operations,Same-hospital annual,OUTPATIENT_VISITS,Outpatient visits,5356692,visits,5356692,visits,Outpatient visits; same-hospital cohort. Not a consolidated volume denominator.,Tenet Healthcare FY2025 Form 10-K,https://www.sec.gov/Archives/edgar/data/70318/000007031826000012/thc-20251231.htm,SEC 10-K,Supplied PDF page 55,"Curated FY2025 column, PDF page 55",7c98c41fe55d385e00ca70e751bb52e24eee32b33da687769c36ed091842a43b,reported,,,operating
Tenet Healthcare,THC,FY2025,2025-01-01,2025-12-31,duration,Hospital Operations,Same-hospital annual,ED_VISITS,Outpatient emergency department visits,1793143,visits,1793143,visits,Outpatient emergency department visits; same-hospital cohort. Not a consolidated volume denominator.,Tenet Healthcare FY2025 Form 10-K,https://www.sec.gov/Archives/edgar/data/70318/000007031826000012/thc-20251231.htm,SEC 10-K,Supplied PDF page 55,"Curated FY2025 column, PDF page 55",7c98c41fe55d385e00ca70e751bb52e24eee32b33da687769c36ed091842a43b,reported,,,operating
Tenet Healthcare,THC,FY2025,2025-12-31,2025-12-31,instant,Hospital Operations,Same-hospital annual,LICENSED_BEDS,Licensed beds at year end,12312,beds,12312,beds,Licensed beds at year end; same-hospital cohort. Not a consolidated volume denominator.,Tenet Healthcare FY2025 Form 10-K,https://www.sec.gov/Archives/edgar/data/70318/000007031826000012/thc-20251231.htm,SEC 10-K,Supplied PDF page 55,"Curated FY2025 column, PDF page 55",7c98c41fe55d385e00ca70e751bb52e24eee32b33da687769c36ed091842a43b,reported,,,operating
Tenet Healthcare,THC,FY2025,2025-01-01,2025-12-31,duration,Hospital Operations,Same-hospital annual,LENGTH_OF_STAY,Average length of stay,4.88,days,4.88,days,Average length of stay; same-hospital cohort. Not a consolidated volume denominator.,Tenet Healthcare FY2025 Form 10-K,https://www.sec.gov/Archives/edgar/data/70318/000007031826000012/thc-20251231.htm,SEC 10-K,Supplied PDF page 55,"Curated FY2025 column, PDF page 55",7c98c41fe55d385e00ca70e751bb52e24eee32b33da687769c36ed091842a43b,reported,,,operating
Tenet Healthcare,THC,FY2025,2025-01-01,2025-12-31,duration,Hospital Operations,Same-hospital annual,LICENSED_BED_UTILIZATION,Utilization of licensed beds,50.8,percent,0.508,ratio,Utilization of licensed beds; same-hospital cohort. Not a consolidated volume denominator.,Tenet Healthcare FY2025 Form 10-K,https://www.sec.gov/Archives/edgar/data/70318/000007031826000012/thc-20251231.htm,SEC 10-K,Supplied PDF page 55,"Curated FY2025 column, PDF page 55",7c98c41fe55d385e00ca70e751bb52e24eee32b33da687769c36ed091842a43b,reported,,,operating
Tenet Healthcare,THC,FY2025,2025-01-01,2025-12-31,duration,Hospital Operations,Same-hospital annual,INPATIENT_SURGERIES,Inpatient surgeries,118600,surgeries,118600,surgeries,Inpatient surgeries; same-hospital cohort. Not a consolidated volume denominator.,Tenet Healthcare FY2025 Form 10-K,https://www.sec.gov/Archives/edgar/data/70318/000007031826000012/thc-20251231.htm,SEC 10-K,Supplied PDF page 55,"Curated FY2025 column, PDF page 55",7c98c41fe55d385e00ca70e751bb52e24eee32b33da687769c36ed091842a43b,reported,,,operating
Tenet Healthcare,THC,FY2025,2025-01-01,2025-12-31,duration,Hospital Operations,Same-hospital annual,OUTPATIENT_SURGERIES,Outpatient surgeries,152375,surgeries,152375,surgeries,Outpatient surgeries; same-hospital cohort. Not a consolidated volume denominator.,Tenet Healthcare FY2025 Form 10-K,https://www.sec.gov/Archives/edgar/data/70318/000007031826000012/thc-20251231.htm,SEC 10-K,Supplied PDF page 55,"Curated FY2025 column, PDF page 55",7c98c41fe55d385e00ca70e751bb52e24eee32b33da687769c36ed091842a43b,reported,,,operating
Tenet Healthcare,THC,FY2023,2023-01-01,2023-12-31,duration,Hospital Operations,Same-hospital annual,ADJUSTED_ADMISSIONS,Adjusted admissions,,adjusted admissions,,adjusted admissions,No comparable FY2023 value in this supplied FY2025/2024 cohort table.,Tenet Healthcare FY2025 Form 10-K,https://www.sec.gov/Archives/edgar/data/70318/000007031826000012/thc-20251231.htm,SEC 10-K,Supplied PDF page 55,"Curated FY2025 column, PDF page 55",7c98c41fe55d385e00ca70e751bb52e24eee32b33da687769c36ed091842a43b,reported,Not disclosed for this comparison cohort in the selected table; not inferred.,,operating
